Number of datasets,Additional area covered (degrees^2),Time taken (s)
32,0.0,0.06337515933236795
64,0.25,0.1568129349041209
128,1.0,0.20416928919023897
192,2.25,0.3447551185728073
288,4.0,0.49738808742785334
416,6.25,0.6265245627153143
544,9.0,0.8189903313323158
672,12.25,1.003081462429864
768,16.0,1.1083115320479486
896,20.25,1.2944203597151154
